flag,count,percentage
Oxygen Variability,447,2.8210792047964657
Duplicate Formula,2881,18.182391921741875
High-Tc (>77K),2346,14.805932470810982
Multiple Measurements,2875,18.144525086778163
Low Uncertainty,14696,92.74850110444935
Recent Discovery (>2000),4693,29.618176080782582
