Count,Mean,Median,Std,Min,Q25,Q75,Max,Skewness,Kurtosis
15845,29.86803240620792,14.4,32.820307146060536,0.01,4.15,50.0,294.0,1.1600509227948272,0.6660548284375953
